Feature,Importance
Packet Length Variance,0.07353874031252595
Avg Bwd Segment Size,0.06687376670351153
Bwd Packet Length Std,0.0644934767412521
Bwd Packet Length Mean,0.06410129058338201
Bwd Packet Length Max,0.04848425213393251
Packet Length Std,0.04495825599418641
Average Packet Size,0.04072489999546273
Total Length of Bwd Packets,0.03880280236848108
Packet Length Mean,0.030971232498163023
Max Packet Length,0.03039869576105474
Total Fwd Packets,0.026497291711604132
Fwd IAT Std,0.025587332344900276
Subflow Bwd Bytes,0.023596461257867414
Destination Port,0.02263703063431129
Total Length of Fwd Packets,0.02120325333083147
Subflow Fwd Bytes,0.02070910022348189
Init_Win_bytes_forward,0.018911786521847475
Fwd Header Length,0.017469001110766318
Subflow Fwd Packets,0.017411030973018143
Bwd Header Length,0.017234892694474275
Flow IAT Max,0.015582630404899999
Fwd Packet Length Max,0.015042662187075319
Flow Packets/s,0.01494031440193377
Flow IAT Std,0.013613290522682994
min_seg_size_forward,0.013559777332747368
Fwd IAT Max,0.013053528558342395
PSH Flag Count,0.012602357497520197
Bwd Packets/s,0.011966761965789158
act_data_pkt_fwd,0.011744526118860935
Fwd IAT Total,0.010860678291069977
Init_Win_bytes_backward,0.010318719894948212
Fwd Packet Length Mean,0.009660617717697722
Fwd IAT Mean,0.009632010797355263
Avg Fwd Segment Size,0.009561507487875778
Total Backward Packets,0.009140842038968115
Subflow Bwd Packets,0.008508937234629045
Fwd IAT Min,0.007665338723669605
Flow Bytes/s,0.007263577439839976
Bwd Packet Length Min,0.006871883697131325
Idle Max,0.006713567628703731
Idle Mean,0.006348515776243322
Flow Duration,0.005996303429966712
ACK Flag Count,0.005727669775446903
Flow IAT Mean,0.00468446805291913
Min Packet Length,0.004248551234768297
Fwd Packets/s,0.004051723986728518
Flow IAT Min,0.0035486421408188577
Fwd Packet Length Min,0.003387628605114424
Fwd Packet Length Std,0.0031801655682661325
Bwd IAT Total,0.0031281343871376395
FIN Flag Count,0.003039880666779001
Bwd IAT Mean,0.002779914356833805
Active Max,0.0026850184223585994
Bwd IAT Max,0.0017148694713605482
Bwd IAT Min,0.001656105039351172
Active Mean,0.0016181922253549154
Bwd IAT Std,0.0016167168351846001
Down/Up Ratio,0.0015704538328103158
URG Flag Count,0.0015578227508887142
Idle Min,0.0013493757795967837
Active Min,0.001305152840283072
Active Std,0.0006827644430257489
SYN Flag Count,0.0004495715043616345
Fwd PSH Flags,0.0003850948188293589
Idle Std,0.0003769774253870613
Fwd URG Flags,1.063122097025958e-06
CWE Flag Count,7.30138111535386e-07
RST Flag Count,3.364691516324649e-07
ECE Flag Count,3.306402881196689e-08
Bwd Avg Bulk Rate,0.0
Bwd Avg Packets/Bulk,0.0
Bwd Avg Bytes/Bulk,0.0
Fwd Avg Bulk Rate,0.0
Fwd Avg Packets/Bulk,0.0
Fwd Avg Bytes/Bulk,0.0
Bwd URG Flags,0.0
Bwd PSH Flags,0.0
